USE rustore;

INSERT INTO categories (category_id, category_name) VALUES
(1, 'Smartphones'),
(2, 'Laptops'),
(3, 'Headphones'),
(4, 'Accessories'),
(5, 'Tablets'),
(6, 'Smart Watches'),
(7, 'Cameras'),
(8, 'Computer Peripherals'),
(9, 'Monitors'),
(10, 'Gaming Consoles'),
(11, 'Network Devices'),
(12, 'Storage Devices'),
(13, 'Office Furniture'),
(14, 'Smart Home'),
(15, 'Printers'),
(16, 'E-Readers'),
(17, 'Action Cameras'),
(18, 'TVs'),
(19, 'Speakers'),
(20, 'Power Banks');

INSERT INTO users (user_id, first_name, last_name, email, phone) VALUES
(1, 'Ivan', 'Petrov', 'ivan.petrov@mail.com', '+79990000001'),
(2, 'Anna', 'Smirnova', 'anna.smirnova@mail.com', '+79990000002'),
(3, 'Oleg', 'Ivanov', 'oleg.ivanov@mail.com', '+79990000003'),
(4, 'Maria', 'Sokolova', 'maria.sokolova@mail.com', '+79990000004'),
(5, 'Dmitry', 'Kozlov', 'dmitry.kozlov@mail.com', '+79990000005'),
(6, 'Elena', 'Morozova', 'elena.morozova@mail.com', '+79990000006'),
(7, 'Pavel', 'Volkov', 'pavel.volkov@mail.com', '+79990000007'),
(8, 'Sofia', 'Fedorova', 'sofia.fedorova@mail.com', '+79990000008'),
(9, 'Kirill', 'Nikolaev', 'kirill.nikolaev@mail.com', '+79990000009'),
(10, 'Alina', 'Lebedeva', 'alina.lebedeva@mail.com', '+79990000010'),
(11, 'Mikhail', 'Orlov', 'mikhail.orlov@mail.com', '+79990000011'),
(12, 'Polina', 'Andreeva', 'polina.andreeva@mail.com', '+79990000012'),
(13, 'Roman', 'Makarov', 'roman.makarov@mail.com', '+79990000013'),
(14, 'Daria', 'Kuznetsova', 'daria.kuznetsova@mail.com', '+79990000014'),
(15, 'Nikita', 'Popov', 'nikita.popov@mail.com', '+79990000015'),
(16, 'Victoria', 'Egorova', 'victoria.egorova@mail.com', '+79990000016'),
(17, 'Artem', 'Belov', 'artem.belov@mail.com', '+79990000017'),
(18, 'Yulia', 'Zaitseva', 'yulia.zaitseva@mail.com', '+79990000018'),
(19, 'Sergey', 'Komarov', 'sergey.komarov@mail.com', '+79990000019'),
(20, 'Kseniya', 'Vinogradova', 'kseniya.vinogradova@mail.com', '+79990000020'),
(21, 'Timur', 'Alekseev', 'timur.alekseev@mail.com', '+79990000021'),
(22, 'Ekaterina', 'Borisova', 'ekaterina.borisova@mail.com', '+79990000022'),
(23, 'Maxim', 'Gusev', 'maxim.gusev@mail.com', '+79990000023'),
(24, 'Anastasia', 'Romanova', 'anastasia.romanova@mail.com', '+79990000024'),
(25, 'Denis', 'Stepanov', 'denis.stepanov@mail.com', '+79990000025'),
(26, 'Irina', 'Pavlova', 'irina.pavlova@mail.com', '+79990000026'),
(27, 'Vladislav', 'Semenov', 'vladislav.semenov@mail.com', '+79990000027'),
(28, 'Nadezhda', 'Filippova', 'nadezhda.filippova@mail.com', '+79990000028'),
(29, 'Alexey', 'Tarasov', 'alexey.tarasov@mail.com', '+79990000029'),
(30, 'Olga', 'Medvedeva', 'olga.medvedeva@mail.com', '+79990000030');

INSERT INTO products (product_id, product_name, category_id, price, stock_quantity) VALUES
(1, 'iPhone 15', 1, 899.99, 20),
(2, 'Samsung Galaxy S24', 1, 799.99, 25),
(3, 'Google Pixel 8', 1, 699.99, 18),
(4, 'MacBook Air M2', 2, 1199.99, 10),
(5, 'Lenovo IdeaPad 5', 2, 699.99, 15),
(6, 'ASUS ZenBook 14', 2, 899.99, 12),
(7, 'AirPods Pro', 3, 249.99, 30),
(8, 'Sony WH-1000XM5', 3, 349.99, 12),
(9, 'JBL Tune 720BT', 3, 89.99, 40),
(10, 'USB-C Charger 30W', 4, 29.99, 100),
(11, 'Phone Case Black', 4, 19.99, 80),
(12, 'iPad Air', 5, 599.99, 18),
(13, 'Samsung Galaxy Tab S9', 5, 749.99, 14),
(14, 'Apple Watch SE', 6, 279.99, 22),
(15, 'Samsung Galaxy Watch 6', 6, 249.99, 20),
(16, 'Canon EOS R50', 7, 679.99, 8),
(17, 'Logitech MX Master 3S', 8, 99.99, 35),
(18, 'Keychron K2 Keyboard', 8, 89.99, 28),
(19, 'LG UltraGear 27 Monitor', 9, 299.99, 16),
(20, 'Dell 24 Monitor', 9, 179.99, 20),
(21, 'PlayStation 5', 10, 499.99, 9),
(22, 'Xbox Series X', 10, 479.99, 7),
(23, 'TP-Link Archer AX55', 11, 129.99, 25),
(24, 'Seagate 2TB HDD', 12, 79.99, 30),
(25, 'Samsung 1TB SSD', 12, 109.99, 24),
(26, 'Office Chair Pro', 13, 189.99, 11),
(27, 'Smart Desk Lamp', 14, 39.99, 45),
(28, 'Epson EcoTank Printer', 15, 229.99, 13),
(29, 'Kindle Paperwhite', 16, 159.99, 18),
(30, 'GoPro Hero 12', 17, 399.99, 10);

INSERT INTO orders (order_id, user_id, order_date, status) VALUES
(1, 1, '2026-05-01 10:15:00', 'paid'),
(2, 2, '2026-05-01 12:30:00', 'completed'),
(3, 3, '2026-05-02 09:45:00', 'new'),
(4, 1, '2026-05-02 16:20:00', 'shipped'),
(5, 4, '2026-05-03 11:10:00', 'paid'),
(6, 5, '2026-05-03 14:55:00', 'completed'),
(7, 6, '2026-05-04 13:25:00', 'paid'),
(8, 7, '2026-05-04 18:40:00', 'shipped'),
(9, 8, '2026-05-05 08:35:00', 'completed'),
(10, 9, '2026-05-05 19:00:00', 'paid'),
(11, 10, '2026-05-06 10:05:00', 'cancelled'),
(12, 11, '2026-05-06 15:30:00', 'paid'),
(13, 12, '2026-05-07 09:15:00', 'completed'),
(14, 13, '2026-05-07 20:10:00', 'new'),
(15, 14, '2026-05-08 12:00:00', 'paid'),
(16, 15, '2026-05-08 17:45:00', 'completed'),
(17, 16, '2026-05-09 11:35:00', 'paid'),
(18, 17, '2026-05-09 14:25:00', 'shipped'),
(19, 18, '2026-05-10 10:50:00', 'paid'),
(20, 19, '2026-05-10 16:05:00', 'completed'),
(21, 20, '2026-05-11 13:15:00', 'new'),
(22, 21, '2026-05-11 18:30:00', 'paid'),
(23, 22, '2026-05-12 09:40:00', 'completed'),
(24, 23, '2026-05-12 15:55:00', 'paid'),
(25, 24, '2026-05-13 11:20:00', 'shipped'),
(26, 25, '2026-05-13 17:10:00', 'paid'),
(27, 26, '2026-05-14 10:30:00', 'completed'),
(28, 27, '2026-05-14 19:45:00', 'paid'),
(29, 28, '2026-05-15 08:20:00', 'shipped'),
(30, 29, '2026-05-15 14:15:00', 'paid');

INSERT INTO order_items (order_id, product_id, quantity, price_at_order) VALUES
(1, 1, 1, 899.99),
(1, 10, 2, 29.99),
(2, 4, 1, 1199.99),
(3, 7, 1, 249.99),
(3, 11, 2, 19.99),
(4, 2, 1, 799.99),
(4, 8, 1, 349.99),
(5, 12, 1, 599.99),
(6, 5, 1, 699.99),
(6, 17, 1, 99.99),
(7, 21, 1, 499.99),
(8, 14, 1, 279.99),
(8, 10, 1, 29.99),
(9, 19, 1, 299.99),
(10, 24, 2, 79.99),
(10, 25, 1, 109.99),
(11, 3, 1, 699.99),
(12, 16, 1, 679.99),
(12, 27, 2, 39.99),
(13, 13, 1, 749.99),
(14, 18, 1, 89.99),
(14, 17, 1, 99.99),
(15, 28, 1, 229.99),
(16, 29, 1, 159.99),
(16, 11, 1, 19.99),
(17, 6, 1, 899.99),
(18, 22, 1, 479.99),
(18, 9, 2, 89.99),
(19, 23, 1, 129.99),
(20, 30, 1, 399.99),
(21, 15, 1, 249.99),
(21, 10, 1, 29.99),
(22, 20, 2, 179.99),
(23, 26, 1, 189.99),
(23, 27, 1, 39.99),
(24, 1, 1, 899.99),
(24, 7, 1, 249.99),
(25, 5, 1, 699.99),
(25, 18, 1, 89.99),
(25, 24, 1, 79.99),
(26, 21, 1, 499.99),
(26, 11, 1, 19.99),
(27, 12, 1, 599.99),
(27, 10, 1, 29.99),
(28, 19, 1, 299.99),
(28, 17, 1, 99.99),
(29, 3, 1, 699.99),
(29, 9, 1, 89.99),
(30, 30, 1, 399.99),
(30, 25, 1, 109.99);

INSERT INTO payments (order_id, payment_method, payment_status, payment_date, amount) VALUES
(1, 'card', 'paid', '2026-05-01 10:20:00', 959.97),
(2, 'paypal', 'paid', '2026-05-01 12:35:00', 1199.99),
(3, 'card', 'pending', '2026-05-02 09:50:00', 289.97),
(4, 'bank_transfer', 'paid', '2026-05-02 16:30:00', 1149.98),
(5, 'card', 'paid', '2026-05-03 11:15:00', 599.99),
(6, 'cash', 'paid', '2026-05-03 15:00:00', 799.98),
(7, 'card', 'paid', '2026-05-04 13:30:00', 499.99),
(8, 'paypal', 'paid', '2026-05-04 18:45:00', 309.98),
(9, 'card', 'paid', '2026-05-05 08:40:00', 299.99),
(10, 'bank_transfer', 'paid', '2026-05-05 19:05:00', 269.97),
(11, 'card', 'refunded', '2026-05-06 10:10:00', 699.99),
(12, 'paypal', 'paid', '2026-05-06 15:35:00', 759.97),
(13, 'card', 'paid', '2026-05-07 09:20:00', 749.99),
(14, 'cash', 'pending', '2026-05-07 20:15:00', 189.98),
(15, 'card', 'paid', '2026-05-08 12:05:00', 229.99),
(16, 'paypal', 'paid', '2026-05-08 17:50:00', 179.98),
(17, 'card', 'paid', '2026-05-09 11:40:00', 899.99),
(18, 'bank_transfer', 'paid', '2026-05-09 14:30:00', 659.97),
(19, 'card', 'paid', '2026-05-10 10:55:00', 129.99),
(20, 'paypal', 'paid', '2026-05-10 16:10:00', 399.99),
(21, 'card', 'pending', '2026-05-11 13:20:00', 279.98),
(22, 'cash', 'paid', '2026-05-11 18:35:00', 359.98),
(23, 'card', 'paid', '2026-05-12 09:45:00', 229.98),
(24, 'paypal', 'paid', '2026-05-12 16:00:00', 1149.98),
(25, 'card', 'paid', '2026-05-13 11:25:00', 869.97),
(26, 'bank_transfer', 'paid', '2026-05-13 17:15:00', 519.98),
(27, 'card', 'paid', '2026-05-14 10:35:00', 629.98),
(28, 'paypal', 'paid', '2026-05-14 19:50:00', 399.98),
(29, 'card', 'paid', '2026-05-15 08:25:00', 789.98),
(30, 'cash', 'paid', '2026-05-15 14:20:00', 509.98);

INSERT INTO deliveries (order_id, address, delivery_status, delivery_date) VALUES
(1, 'Moscow, Lenina 10', 'shipped', '2026-05-03 14:00:00'),
(2, 'Saint Petersburg, Nevsky 20', 'delivered', '2026-05-04 12:30:00'),
(3, 'Kazan, Bauman 5', 'preparing', NULL),
(4, 'Moscow, Tverskaya 7', 'shipped', '2026-05-05 16:00:00'),
(5, 'Sochi, Kurortny 15', 'preparing', NULL),
(6, 'Novosibirsk, Krasny Prospekt 25', 'delivered', '2026-05-06 13:00:00'),
(7, 'Yekaterinburg, Mira 8', 'shipped', '2026-05-06 17:30:00'),
(8, 'Krasnodar, Severnaya 45', 'shipped', '2026-05-07 10:00:00'),
(9, 'Perm, Lenina 22', 'delivered', '2026-05-08 15:20:00'),
(10, 'Ufa, Pushkina 31', 'preparing', NULL),
(11, 'Omsk, Gagarina 11', 'cancelled', NULL),
(12, 'Voronezh, Moskovsky Prospekt 60', 'shipped', '2026-05-09 11:30:00'),
(13, 'Samara, Pobedy 19', 'delivered', '2026-05-10 18:10:00'),
(14, 'Rostov-on-Don, Sadovaya 55', 'preparing', NULL),
(15, 'Kazan, Chistopolskaya 9', 'shipped', '2026-05-11 13:45:00'),
(16, 'Moscow, Arbat 3', 'delivered', '2026-05-12 09:30:00'),
(17, 'Saint Petersburg, Liteyniy 12', 'shipped', '2026-05-12 17:00:00'),
(18, 'Nizhny Novgorod, Bolshaya Pokrovskaya 14', 'shipped', '2026-05-13 16:20:00'),
(19, 'Krasnoyarsk, Mira 100', 'preparing', NULL),
(20, 'Volgograd, Lenina 70', 'delivered', '2026-05-14 12:40:00'),
(21, 'Tyumen, Respubliki 33', 'preparing', NULL),
(22, 'Irkutsk, Karl Marx 18', 'shipped', '2026-05-15 15:10:00'),
(23, 'Vladivostok, Svetlanskaya 44', 'delivered', '2026-05-16 11:55:00'),
(24, 'Moscow, Profsoyuznaya 120', 'shipped', '2026-05-16 14:25:00'),
(25, 'Kaliningrad, Mira 6', 'shipped', '2026-05-17 10:15:00'),
(26, 'Saratov, Kirova 29', 'preparing', NULL),
(27, 'Tula, Sovetskaya 13', 'delivered', '2026-05-18 09:40:00'),
(28, 'Ryazan, Pervomaysky 21', 'shipped', '2026-05-18 18:30:00'),
(29, 'Tomsk, Lenina 80', 'shipped', '2026-05-19 12:00:00'),
(30, 'Moscow, Dmitrovskoe Shosse 50', 'preparing', NULL);

INSERT INTO reviews (user_id, product_id, rating, comment) VALUES
(1, 1, 5, 'Excellent smartphone, very fast and comfortable'),
(2, 4, 5, 'Great laptop for study and work'),
(3, 7, 4, 'Good sound quality'),
(4, 12, 5, 'Perfect tablet for everyday use'),
(5, 5, 4, 'Good laptop for its price'),
(6, 21, 5, 'Best console for gaming'),
(7, 14, 4, 'Nice watch with useful functions'),
(8, 19, 5, 'Good monitor for gaming'),
(9, 25, 5, 'Fast SSD, system loads quickly'),
(10, 3, 4, 'Camera is very good'),
(11, 16, 5, 'Excellent camera for beginners'),
(12, 13, 4, 'Good Android tablet'),
(13, 18, 5, 'Very comfortable keyboard'),
(14, 28, 4, 'Printer works well'),
(15, 29, 5, 'Great reader, battery lasts long'),
(16, 6, 5, 'Powerful and lightweight laptop'),
(17, 22, 4, 'Good console, quiet and fast'),
(18, 23, 4, 'Stable router connection'),
(19, 30, 5, 'Great action camera for travel'),
(20, 15, 4, 'Good smartwatch'),
(21, 20, 4, 'Simple and reliable monitor'),
(22, 26, 5, 'Comfortable office chair'),
(23, 1, 5, 'Very satisfied with this phone'),
(24, 7, 5, 'Noise cancellation is excellent'),
(25, 5, 4, 'Good performance for office tasks'),
(26, 12, 5, 'Smooth screen and good battery'),
(27, 19, 4, 'Good image quality'),
(28, 3, 5, 'Clean Android and nice camera'),
(29, 9, 4, 'Good headphones for the price'),
(30, 25, 5, 'Reliable storage device');
